GENE_NAME, ACCESSION_NUMBER, GENE_CDS_LENGTH, HGNC_ID, SAMPLE_NAME, ID_SAMPLE, ID_TUMOUR, PRIMARY_SITE, SITE_SUBTYPE_1, SITE_SUBTYPE_2, SITE_SUBTYPE_3, PRIMARY_HISTOLOGY, HISTOLOGY_SUBTYPE_1, HISTOLOGY_SUBTYPE_2, HISTOLOGY_SUBTYPE_3, GENOME_WIDE_SCREEN, MUTATION_ID, MUTATION_CDS, MUTATION_AA, MUTATION_DESCRIPTION, MUTATION_ZYGOSITY, LOH, GRCH, MUTATION_GENOME_POSITION, MUTATION_STRAND, SNP, RESISTANCE_MUTATION, FATHMM_PREDICTION, FATHMM_SCORE, MUTATION_SOMATIC_STATUS, PUBMED_PMID, ID_STUDY, SAMPLE_SOURCE, TUMOUR_ORIGIN, AGE
KIF11,ENST00000260731,3171,6388,TCGA-CA-6717-01,1651188,1565975,large_intestine,colon,ascending,NS,carcinoma,adenocarcinoma,NS,NS,y,COSM1349821,c.1378G>T,p.E460*,Substitution - Nonsense,null,u,38,10:92630248-92630248,+,n,-,PATHOGENIC,0.91557,Confirmed somatic variant,null,376,NS,NS,57
KIF11,ENST00000260731,3171,6388,DLD1,2301972,2167255,large_intestine,NS,NS,NS,carcinoma,adenocarcinoma,NS,NS,y,COSM1969643,c.402T>C,p.G134G,Substitution - coding silent,het,u,38,10:92609034-92609034,+,n,-,PATHOGENIC,0.84153,Variant of unknown origin,24755471,null,cell-line,NS,null
KIF11,ENST00000260731,3171,6388,RW7213,2302005,2167288,large_intestine,colon,left,NS,carcinoma,adenocarcinoma,NS,NS,y,COSM4649833,c.1006A>G,p.I336V,Substitution - Missense,het,u,38,10:92613593-92613593,+,n,-,null,0.63227,Variant of unknown origin,24755471,null,cell-line,NS,null
KIF11,ENST00000260731,3171,6388,TCGA-G9-6336-01,1797218,1698965,prostate,NS,NS,NS,carcinoma,adenocarcinoma,NS,NS,y,COSM1127976,c.1433A>G,p.E478G,Substitution - Missense,null,u,38,10:92630303-92630303,+,n,-,PATHOGENIC,0.94065,Confirmed somatic variant,null,435,fresh/frozen - NOS,primary,57
KIF11,ENST00000260731,3171,6388,2178,2370332,2233130,kidney,NS,NS,NS,carcinoma,chromophobe_renal_cell_carcinoma,NS,NS,y,COSM5017165,c.890G>T,p.R297M,Substitution - Missense,null,u,38,10:92613477-92613477,+,n,-,PATHOGENIC,0.98706,Variant of unknown origin,25401301,null,surgery fresh/frozen,primary,67
KIF11,ENST00000260731,3171,6388,TCGA-EI-6917-01,1651629,1566416,large_intestine,rectum,NS,NS,carcinoma,adenocarcinoma,NS,NS,y,COSM1349821,c.1378G>T,p.E460*,Substitution - Nonsense,null,u,38,10:92630248-92630248,+,n,-,PATHOGENIC,0.91557,Confirmed somatic variant,null,375,NS,primary,33
KIF11,ENST00000260731,3171,6388,TCGA-EJ-7793-01,1915873,1803869,prostate,NS,NS,NS,carcinoma,adenocarcinoma,NS,NS,y,COSM1470389,c.2398C>T,p.H800Y,Substitution - Missense,null,u,38,10:92645493-92645493,+,n,-,NEUTRAL,0.07932,Variant of unknown origin,null,435,fresh/frozen - NOS,primary,49
KIF11,ENST00000260731,3171,6388,TCGA-J4-A67Q-01,2262851,2129835,prostate,NS,NS,NS,carcinoma,adenocarcinoma,NS,NS,y,COSM4393441,c.3154G>C,p.A1052P,Substitution - Missense,null,u,38,10:92653779-92653779,+,n,-,PATHOGENIC,0.85952,Confirmed somatic variant,null,435,NS,primary,77
KIF11,ENST00000260731,3171,6388,TCGA-BS-A0UL-01,1783475,1687474,endometrium,NS,NS,NS,carcinoma,endometrioid_carcinoma,NS,NS,y,COSM312326,c.109G>A,p.A37T,Substitution - Missense,null,u,38,10:92606296-92606296,+,n,-,PATHOGENIC,0.9347,Confirmed somatic variant,null,419,fresh/frozen - NOS,primary,54
KIF11,ENST00000260731,3171,6388,ESCC_41,2479549,2342309,oesophagus,NS,NS,NS,carcinoma,squamous_cell_carcinoma,NS,NS,y,COSM5629502,c.1763C>T,p.S588F,Substitution - Missense,null,u,38,10:92633683-92633683,+,n,-,PATHOGENIC,0.91132,Confirmed somatic variant,26873401,null,NS,NS,74
KIF11,ENST00000260731,3171,6388,AOCS-125-1-2,2196256,2064534,ovary,NS,NS,NS,carcinoma,mixed_adenosquamous_carcinoma,NS,NS,y,COSM3981200,c.2583C>A,p.D861E,Substitution - Missense,null,u,38,10:92648247-92648247,+,n,-,NEUTRAL,0.26603,Confirmed somatic variant,null,585,NS,NS,null
KIF11,ENST00000260731,3171,6388,387,2267359,2134127,oesophagus,middle_third,NS,NS,carcinoma,squamous_cell_carcinoma,NS,NS,y,COSM4427218,c.573+4A>C,p.?,Unknown,null,u,38,10:92609209-92609209,+,n,-,PATHOGENIC,0.8416,Confirmed somatic variant,25151357,null,surgery fresh/frozen,primary,62
KIF11,ENST00000260731,3171,6388,RMH004-VT,2272887,2139456,kidney,NS,NS,NS,carcinoma,clear_cell_renal_cell_carcinoma,NS,NS,y,COSM1506441,c.1196A>G,p.Y399C,Substitution - Missense,null,u,38,10:92621452-92621452,+,n,-,PATHOGENIC,0.99016,Confirmed somatic variant,24487277,null,NS,NS,61
KIF11,ENST00000260731,3171,6388,TCGA-D1-A103-01,1783494,1687493,endometrium,NS,NS,NS,carcinoma,endometrioid_carcinoma,NS,NS,y,COSM921480,c.2547+1G>A,p.?,Unknown,het,u,38,10:92645643-92645643,+,n,-,PATHOGENIC,0.98313,Variant of unknown origin,null,419,fresh/frozen - NOS,primary,87
KIF11,ENST00000260731,3171,6388,SNU-C2B,2302010,2167293,large_intestine,colon,right,NS,carcinoma,adenocarcinoma,NS,NS,y,COSM1969670,c.2252A>G,p.Q751R,Substitution - Missense,het,u,38,10:92639885-92639885,+,n,-,PATHOGENIC,0.88029,Variant of unknown origin,24755471,null,cell-line,NS,null
KIF11,ENST00000260731,3171,6388,PT35,2521292,2383635,skin,NS,NS,NS,carcinoma,basal_cell_carcinoma,NS,NS,y,COSM5904928,c.211-6C>T,p.?,Unknown,null,u,38,10:92606613-92606613,+,y,-,NEUTRAL,0.00514,Confirmed somatic variant,25759019,null,surgery fresh/frozen,NS,null
KIF11,ENST00000260731,3171,6388,NPC15F,2366755,2229613,upper_aerodigestive_tract,pharynx,nasopharynx,NS,carcinoma,nasopharyngeal_carcinoma,NS,NS,y,COSM312326,c.109G>A,p.A37T,Substitution - Missense,null,u,38,10:92606296-92606296,+,n,-,PATHOGENIC,0.9347,Confirmed somatic variant,24952746,null,NS,primary,61
KIF11,ENST00000260731,3171,6388,2014_Lung_sq_64_T,2744935,2603638,lung,NS,NS,NS,carcinoma,NS,NS,NS,y,COSM7231104,c.1510G>A,p.E504K,Substitution - Missense,null,u,38,10:92632501-92632501,+,n,-,PATHOGENIC,0.78749,Confirmed somatic variant,null,583,NS,primary,64
KIF11,ENST00000260731,3171,6388,PD23574a,2213166,2081296,breast,NS,NS,NS,carcinoma,ductal_carcinoma,NS,NS,y,COSM5771268,c.2092G>A,p.V698I,Substitution - Missense,null,u,38,10:92637477-92637477,+,n,-,null,0.66927,Confirmed somatic variant,null,652,NS,NS,null
KIF11,ENST00000260731,3171,6388,RK193_C01,2194679,2062957,liver,NS,NS,NS,carcinoma,NS,NS,NS,y,COSM3738784,c.2296A>C,p.T766P,Substitution - Missense,null,u,38,10:92645391-92645391,+,n,-,NEUTRAL,0.13604,Confirmed somatic variant,null,322,NS,NS,null
KIF11,ENST00000260731,3171,6388,SWE-27,1862713,1753604,prostate,NS,NS,NS,adenoma,NS,NS,NS,y,COSM1179249,c.3022G>A,p.G1008R,Substitution - Missense,null,u,38,10:92650500-92650500,+,n,-,PATHOGENIC,0.93006,Confirmed somatic variant,23265383,null,NS,NS,null
KIF11,ENST00000260731,3171,6388,587228,1766751,1671071,large_intestine,colon,NS,NS,carcinoma,adenocarcinoma,NS,NS,y,COSM1212340,c.1150C>T,p.R384C,Substitution - Missense,null,u,38,10:92621406-92621406,+,n,-,PATHOGENIC,0.95483,Variant of unknown origin,22895193,null,surgery fresh/frozen,primary,null
KIF11,ENST00000260731,3171,6388,PCSI_0079_Pa_P,2121287,1995523,pancreas,NS,NS,NS,carcinoma,ductal_carcinoma,NS,NS,y,COSM3375555,c.1551G>A,p.L517L,Substitution - coding silent,null,u,38,10:92632542-92632542,+,n,-,PATHOGENIC,0.87569,Confirmed somatic variant,null,382,NS,NS,null
KIF11,ENST00000260731,3171,6388,ESCC-D17,2394876,2257707,oesophagus,NS,NS,NS,carcinoma,squamous_cell_carcinoma,NS,NS,y,COSM5045640,c.1762_1763delTC,p.L589fs*16,Deletion - Frameshift,null,u,38,10:92633682-92633683,+,null,-,null,null,Confirmed somatic variant,24686850,null,NS,NS,44
KIF11,ENST00000260731,3171,6388,TCGA-64-5781-01,1780196,1684195,lung,NS,NS,NS,carcinoma,adenocarcinoma,NS,NS,y,COSM6067254,c.1342G>A,p.D448N,Substitution - Missense,null,u,38,10:92630212-92630212,+,n,-,PATHOGENIC,0.78092,Variant of unknown origin,null,417,fresh/frozen - NOS,primary,55
KIF11,ENST00000260731,3171,6388,T102,2658273,2518432,large_intestine,NS,NS,NS,carcinoma,adenocarcinoma,NS,NS,y,COSM6694634,c.98G>A,p.R33Q,Substitution - Missense,null,u,38,10:92606285-92606285,+,n,-,PATHOGENIC,0.97129,Confirmed somatic variant,27149842,null,NS,NS,72.66
KIF11,ENST00000260731,3171,6388,PCSI_0083_Pa_X,2121292,1995528,pancreas,NS,NS,NS,carcinoma,ductal_carcinoma,NS,NS,y,COSM3375554,c.892G>A,p.V298I,Substitution - Missense,null,u,38,10:92613479-92613479,+,n,-,PATHOGENIC,0.99533,Confirmed somatic variant,null,382,NS,NS,null
KIF11,ENST00000260731,3171,6388,AOCS-166-1-2,2196284,2064562,ovary,NS,NS,NS,carcinoma,mixed_adenosquamous_carcinoma,NS,NS,y,COSM3981199,c.1554T>G,p.D518E,Substitution - Missense,null,u,38,10:92632545-92632545,+,n,-,PATHOGENIC,0.83539,Confirmed somatic variant,null,585,NS,NS,null
KIF11,ENST00000260731,3171,6388,TCGA-AX-A0J0-01,1783376,1687375,endometrium,NS,NS,NS,carcinoma,endometrioid_carcinoma,NS,NS,y,COSM921475,c.1278T>G,p.I426M,Substitution - Missense,het,u,38,10:92628868-92628868,+,n,-,null,0.59263,Variant of unknown origin,null,419,fresh/frozen - NOS,primary,47
KIF11,ENST00000260731,3171,6388,HCT116,2301978,2167261,large_intestine,NS,NS,NS,carcinoma,adenocarcinoma,NS,NS,y,COSM1969668,c.2012delA,p.K673fs*3,Deletion - Frameshift,het,u,38,10:92637397-92637397,+,n,-,null,null,Reported in another cancer sample as somatic,24755471,null,cell-line,NS,null
KIF11,ENST00000260731,3171,6388,TCGA-EE-A2MR-06,2121688,1995924,skin,NS,NS,NS,malignant_melanoma,NS,NS,NS,y,COSM3441542,c.1904C>T,p.S635L,Substitution - Missense,null,u,38,10:92637212-92637212,+,n,-,PATHOGENIC,0.96674,Confirmed somatic variant,null,540,NS,NS,61
KIF11,ENST00000260731,3171,6388,MO_1337,2467349,2330180,prostate,NS,NS,NS,carcinoma,NS,NS,NS,y,COSM5560652,c.3165C>T,p.N1055N,Substitution - coding silent,het,u,38,10:92653790-92653790,+,n,-,NEUTRAL,0.00315,Confirmed somatic variant,26000489,null,surgery - NOS,metastasis,62
KIF11,ENST00000260731,3171,6388,8066440,2197011,2065289,pancreas,NS,NS,NS,carcinoma,ductal_carcinoma,NS,NS,y,COSM3770706,c.380G>A,p.W127*,Substitution - Nonsense,null,u,38,10:92607230-92607230,+,n,-,PATHOGENIC,0.99733,Confirmed somatic variant,null,328,NS,NS,null
KIF11,ENST00000260731,3171,6388,TCGA-D8-A1J8-01,2187786,2056064,breast,NS,NS,NS,carcinoma,NS,NS,NS,y,COSM3807995,c.1288G>C,p.E430Q,Substitution - Missense,null,u,38,10:92628878-92628878,+,n,-,PATHOGENIC,0.9837,Confirmed somatic variant,null,414,NS,NS,77
KIF11,ENST00000260731,3171,6388,TCGA-EB-A551-01,2121611,1995847,skin,NS,NS,NS,malignant_melanoma,NS,NS,NS,y,COSM3441543,c.2847T>A,p.D949E,Substitution - Missense,null,u,38,10:92649911-92649911,+,n,-,null,0.6719,Confirmed somatic variant,null,540,NS,NS,78
KIF11,ENST00000260731,3171,6388,TCGA-EK-A2PM-01,2262927,2129911,cervix,NS,NS,NS,carcinoma,squamous_cell_carcinoma,NS,NS,y,COSM4831620,c.2095G>A,p.E699K,Substitution - Missense,null,u,38,10:92637480-92637480,+,n,-,PATHOGENIC,0.80381,Confirmed somatic variant,null,415,NS,primary,81
KIF11,ENST00000260731,3171,6388,TCGA-D1-A0ZP-01,1783485,1687484,endometrium,NS,NS,NS,carcinoma,endometrioid_carcinoma,NS,NS,y,COSM921473,c.402T>G,p.G134G,Substitution - coding silent,null,u,38,10:92609034-92609034,+,y,-,PATHOGENIC,0.85993,Confirmed somatic variant,null,419,fresh/frozen - NOS,primary,59
KIF11,ENST00000260731,3171,6388,TCGA-BS-A0UV-01,1783478,1687477,endometrium,NS,NS,NS,carcinoma,endometrioid_carcinoma,NS,NS,y,COSM921476,c.1470G>T,p.E490D,Substitution - Missense,het,u,38,10:92630340-92630340,+,n,-,PATHOGENIC,0.87988,Variant of unknown origin,null,419,fresh/frozen - NOS,primary,55
KIF11,ENST00000260731,3171,6388,041T,2067112,1946909,liver,NS,NS,NS,carcinoma,hepatocellular_carcinoma,NS,NS,y,COSM1728951,c.113A>T,p.H38L,Substitution - Missense,null,u,38,10:92606300-92606300,+,n,-,PATHOGENIC,0.97069,Confirmed somatic variant,23788652,null,surgery - NOS,primary,null
KIF11,ENST00000260731,3171,6388,UM-SCC-11B,2296306,2161909,upper_aerodigestive_tract,head_neck,NS,NS,carcinoma,squamous_cell_carcinoma,NS,NS,y,COSM4598137,c.980G>A,p.R327H,Substitution - Missense,null,u,38,10:92613567-92613567,+,n,-,PATHOGENIC,0.97886,Variant of unknown origin,25275298,null,cell-line,NS,65
KIF11,ENST00000260731,3171,6388,T578,2296255,2161858,large_intestine,caecum,NS,NS,carcinoma,adenocarcinoma,NS,NS,y,COSM4695871,c.586A>C,p.I196L,Substitution - Missense,null,u,38,10:92609397-92609397,+,n,-,PATHOGENIC,0.96519,Confirmed somatic variant,25344691,null,NS,NS,61.08
KIF11,ENST00000260731,3171,6388,TCGA-DI-A0WH-01,1783540,1687539,endometrium,NS,NS,NS,carcinoma,endometrioid_carcinoma,NS,NS,y,COSM921472,c.311A>G,p.Y104C,Substitution - Missense,null,u,38,10:92607161-92607161,+,n,-,PATHOGENIC,0.99762,Confirmed somatic variant,null,419,fresh/frozen - NOS,primary,64
KIF11,ENST00000260731,3171,6388,I2L-P10-Tumor-Organoid,2433493,2296374,large_intestine,colon,sigmoid,NS,carcinoma,adenocarcinoma,NS,NS,y,COSM5359807,c.125A>G,p.E42G,Substitution - Missense,het,u,38,10:92606312-92606312,+,n,-,PATHOGENIC,0.98664,Confirmed somatic variant,25957691,null,NS,NS,59
KIF11,ENST00000260731,3171,6388,T358480,2658655,2518814,large_intestine,NS,NS,NS,carcinoma,adenocarcinoma,NS,NS,y,COSM6694639,c.1146A>T,p.I382I,Substitution - coding silent,null,u,38,10:92621402-92621402,+,n,-,null,0.69207,Confirmed somatic variant,27149842,null,NS,NS,73.25
KIF11,ENST00000260731,3171,6388,ccRCC-21,1980757,1867003,kidney,NS,NS,NS,carcinoma,clear_cell_renal_cell_carcinoma,NS,NS,y,COSM1662476,c.2197T>G,p.F733V,Substitution - Missense,null,u,38,10:92639830-92639830,+,n,-,PATHOGENIC,0.96088,Confirmed somatic variant,23797736,null,NS,NS,null
KIF11,ENST00000260731,3171,6388,HUB-02-B2-037,2607095,2466809,large_intestine,NS,NS,NS,carcinoma,adenocarcinoma,NS,NS,y,COSM6049170,c.77+5G>C,p.?,Unknown,null,u,38,10:92593457-92593457,+,y,-,PATHOGENIC,0.7428,Confirmed somatic variant,null,670,organoid culture,NS,null
KIF11,ENST00000260731,3171,6388,W23T,2745051,2603754,thyroid,NS,NS,NS,carcinoma,NS,NS,NS,y,COSM6404113,c.1090G>T,p.E364*,Substitution - Nonsense,null,u,38,10:92616794-92616794,+,n,-,PATHOGENIC,0.98973,Confirmed somatic variant,null,676,NS,primary,55
KIF11,ENST00000260731,3171,6388,T458,2658304,2518463,large_intestine,NS,NS,NS,carcinoma,adenocarcinoma,NS,NS,y,COSM6694642,c.2110T>C,p.C704R,Substitution - Missense,null,u,38,10:92637495-92637495,+,n,-,PATHOGENIC,0.86195,Confirmed somatic variant,27149842,null,NS,NS,74.33
KIF11,ENST00000260731,3171,6388,T578,2658233,2518392,large_intestine,NS,NS,NS,carcinoma,adenocarcinoma,NS,NS,y,COSM4695870,c.238G>T,p.D80Y,Substitution - Missense,null,u,38,10:92606646-92606646,+,n,-,PATHOGENIC,0.9979,Confirmed somatic variant,27149842,null,NS,NS,61.08
KIF11,ENST00000260731,3171,6388,TCGA-DS-A1OC-01,1900261,1788945,cervix,NS,NS,NS,carcinoma,squamous_cell_carcinoma,NS,NS,y,COSM1293300,c.1804C>G,p.Q602E,Substitution - Missense,hom,u,38,10:92633724-92633724,+,n,-,PATHOGENIC,0.87011,Variant of unknown origin,null,415,fresh/frozen - NOS,primary,47
KIF11,ENST00000260731,3171,6388,PD7341a,1541188,1463502,breast,NS,NS,NS,carcinoma,ductal_carcinoma,NS,NS,y,COSM5782039,c.1534G>C,p.G512R,Substitution - Missense,null,u,38,10:92632525-92632525,+,n,-,PATHOGENIC,0.97198,Confirmed somatic variant,null,652,NS,NS,null
KIF11,ENST00000260731,3171,6388,2748743,2748743,2607446,biliary_tract,bile_duct,NS,NS,carcinoma,adenocarcinoma,NS,NS,y,COSM6694641,c.2605C>T,p.R869C,Substitution - Missense,null,u,38,10:92648269-92648269,+,y,-,NEUTRAL,0.08427,Confirmed somatic variant,29360550,null,surgery fresh/frozen,NS,50
KIF11,ENST00000260731,3171,6388,CRC-10T,2456781,2319618,large_intestine,NS,NS,NS,carcinoma,adenocarcinoma,NS,NS,y,COSM5457650,c.1104A>G,p.K368K,Substitution - coding silent,null,u,38,10:92616808-92616808,+,y,-,null,0.68823,Confirmed somatic variant,null,646,NS,primary,80
KIF11,ENST00000260731,3171,6388,RK054_C01,1918843,1806164,liver,NS,NS,NS,carcinoma,NS,NS,NS,y,COSM1627676,c.2253G>A,p.Q751Q,Substitution - coding silent,het,u,38,10:92639886-92639886,+,n,-,NEUTRAL,0.04098,Variant of unknown origin,null,322,fresh/frozen - NOS,primary,null
KIF11,ENST00000260731,3171,6388,TCGA-BS-A0UV-01,1783478,1687477,endometrium,NS,NS,NS,carcinoma,endometrioid_carcinoma,NS,NS,y,COSM921482,c.3152G>A,p.R1051Q,Substitution - Missense,het,u,38,10:92653777-92653777,+,n,-,PATHOGENIC,0.81287,Variant of unknown origin,null,419,fresh/frozen - NOS,primary,55
KIF11,ENST00000260731,3171,6388,DLD1,2301972,2167255,large_intestine,NS,NS,NS,carcinoma,adenocarcinoma,NS,NS,y,COSM1969674,c.2577T>C,p.S859S,Substitution - coding silent,het,u,38,10:92648241-92648241,+,n,-,null,0.53576,Variant of unknown origin,24755471,null,cell-line,NS,null
KIF11,ENST00000260731,3171,6388,T56,1861130,1752071,endometrium,NS,NS,NS,carcinoma,serous_carcinoma,NS,NS,y,COSM1177925,c.27G>T,p.A9A,Substitution - coding silent,null,u,38,10:92593402-92593402,+,n,-,NEUTRAL,0.32716,Confirmed somatic variant,23104009,null,surgery fresh/frozen,primary,null
KIF11,ENST00000260731,3171,6388,TCGA-34-5927-01,1781304,1685303,lung,NS,NS,NS,carcinoma,squamous_cell_carcinoma,NS,NS,y,COSM686082,c.2971C>G,p.L991V,Substitution - Missense,null,u,38,10:92650449-92650449,+,n,-,NEUTRAL,0.02009,Confirmed somatic variant,null,418,fresh/frozen - NOS,primary,70
KIF11,ENST00000260731,3171,6388,TCGA-RG-A7D4-01,2340042,2205025,liver,NS,NS,NS,carcinoma,hepatocellular_carcinoma,NS,NS,y,COSM4918811,c.1080G>A,p.L360L,Substitution - coding silent,null,u,38,10:92616784-92616784,+,n,-,PATHOGENIC,0.9366,Confirmed somatic variant,null,628,NS,primary,69
KIF11,ENST00000260731,3171,6388,2,1890228,1779650,parathyroid,NS,NS,NS,adenoma,NS,NS,NS,y,COSM1237073,c.1583C>A,p.A528E,Substitution - Missense,null,u,38,10:92632574-92632574,+,n,-,PATHOGENIC,0.94935,Confirmed somatic variant,22855342,null,NS,NS,null
KIF11,ENST00000260731,3171,6388,LUAD-S01357,1765260,1669580,lung,NS,NS,NS,carcinoma,adenocarcinoma,NS,NS,y,COSM386298,c.1542T>C,p.H514H,Substitution - coding silent,null,u,38,10:92632533-92632533,+,n,-,PATHOGENIC,0.89327,Variant of unknown origin,22980975,null,surgery - NOS,primary,57
KIF11,ENST00000260731,3171,6388,sysucc-1370T,2456725,2319562,large_intestine,NS,NS,NS,carcinoma,adenocarcinoma,NS,NS,y,COSM3807994,c.248G>A,p.R83Q,Substitution - Missense,null,u,38,10:92606656-92606656,+,n,-,PATHOGENIC,0.96148,Confirmed somatic variant,null,646,NS,primary,78
KIF11,ENST00000260731,3171,6388,CSCC-6-T,2292459,2158523,skin,head_neck,NS,NS,carcinoma,squamous_cell_carcinoma,NS,NS,y,COSM4526268,c.1384G>A,p.E462K,Substitution - Missense,het,u,38,10:92630254-92630254,+,n,-,PATHOGENIC,0.78156,Confirmed somatic variant,25303977,null,surgery fresh/frozen,primary,64
KIF11,ENST00000260731,3171,6388,T46,2658557,2518716,large_intestine,NS,NS,NS,carcinoma,adenocarcinoma,NS,NS,y,COSM6694643,c.601G>A,p.E201K,Substitution - Missense,null,u,38,10:92609412-92609412,+,n,-,PATHOGENIC,0.98647,Confirmed somatic variant,27149842,null,NS,NS,51.41
KIF11,ENST00000260731,3171,6388,HCT8,2301980,2167263,large_intestine,NS,NS,NS,carcinoma,adenocarcinoma,NS,NS,y,COSM1969674,c.2577T>C,p.S859S,Substitution - coding silent,het,u,38,10:92648241-92648241,+,n,-,null,0.53576,Variant of unknown origin,24755471,null,cell-line,NS,null
KIF11,ENST00000260731,3171,6388,SNU-C2B,2302010,2167293,large_intestine,colon,right,NS,carcinoma,adenocarcinoma,NS,NS,y,COSM4615196,c.2635_2636insT,p.L881fs*2,Insertion - Frameshift,het,u,38,10:92648299-92648300,+,null,-,null,null,Variant of unknown origin,24755471,null,cell-line,NS,null
KIF11,ENST00000260731,3171,6388,T578,2296255,2161858,large_intestine,caecum,NS,NS,carcinoma,adenocarcinoma,NS,NS,y,COSM346280,c.3111A>T,p.E1037D,Substitution - Missense,null,u,38,10:92653736-92653736,+,n,-,NEUTRAL,0.02902,Confirmed somatic variant,25344691,null,NS,NS,61.08
KIF11,ENST00000260731,3171,6388,Thyroid-CN-WZ028T,2635089,2495485,thyroid,NS,NS,NS,carcinoma,NS,NS,NS,y,COSM6411388,c.455C>G,p.T152S,Substitution - Missense,null,u,38,10:92609087-92609087,+,n,-,PATHOGENIC,0.95989,Confirmed somatic variant,null,676,NS,primary,64
KIF11,ENST00000260731,3171,6388,LUAD-D02185,1765228,1669548,lung,NS,NS,NS,carcinoma,adenocarcinoma,NS,NS,y,COSM338419,c.2262A>G,p.I754M,Substitution - Missense,null,u,38,10:92639895-92639895,+,n,-,null,0.64616,Variant of unknown origin,22980975,null,surgery - NOS,primary,54
KIF11,ENST00000260731,3171,6388,T2624,2658269,2518428,large_intestine,NS,NS,NS,carcinoma,adenocarcinoma,NS,NS,y,COSM6694636,c.308+7delA,p.?,Unknown,null,u,38,10:92606723-92606723,+,null,-,null,null,Confirmed somatic variant,27149842,null,NS,NS,72.91
KIF11,ENST00000260731,3171,6388,TCGA-B5-A11N-01,1783406,1687405,endometrium,NS,NS,NS,carcinoma,endometrioid_carcinoma,NS,NS,y,COSM921481,c.2709A>C,p.K903N,Substitution - Missense,het,u,38,10:92648373-92648373,+,n,-,NEUTRAL,0.10576,Variant of unknown origin,null,419,fresh/frozen - NOS,primary,69
KIF11,ENST00000260731,3171,6388,2014_SWES_13_DX,2743824,2602527,haematopoietic_and_lymphoid_tissue,NS,NS,NS,haematopoietic_neoplasm,acute_myeloid_leukaemia,NS,NS,y,COSM7218022,c.246C>T,p.Y82Y,Substitution - coding silent,null,u,38,10:92606654-92606654,+,n,-,PATHOGENIC,0.93308,Confirmed somatic variant,null,544,blood-bone marrow,primary,22
KIF11,ENST00000260731,3171,6388,LUAD-E01014,1765085,1669405,lung,NS,NS,NS,carcinoma,adenocarcinoma,NS,NS,y,COSM393869,c.1139A>T,p.E380V,Substitution - Missense,null,u,38,10:92621395-92621395,+,n,-,PATHOGENIC,0.99021,Variant of unknown origin,22980975,null,surgery - NOS,primary,60
KIF11,ENST00000260731,3171,6388,TCGA-A2-A0CT-01,1779276,1683275,breast,NS,NS,NS,carcinoma,NS,NS,NS,y,COSM428136,c.1798G>T,p.V600F,Substitution - Missense,null,u,38,10:92633718-92633718,+,n,-,PATHOGENIC,0.72056,Confirmed somatic variant,null,414,fresh/frozen - NOS,primary,71
KIF11,ENST00000260731,3171,6388,TCGA-AA-A010-01,1651109,1565896,large_intestine,colon,transverse,NS,carcinoma,adenocarcinoma,NS,NS,y,COSM282218,c.1808T>G,p.I603S,Substitution - Missense,null,u,38,10:92633728-92633728,+,n,-,PATHOGENIC,0.76133,Confirmed somatic variant,22810696,376,NS,NS,46
KIF11,ENST00000260731,3171,6388,HKNPC-014-Tumor-SM-5PA38,2640113,2500414,upper_aerodigestive_tract,pharynx,nasopharynx,NS,carcinoma,nasopharyngeal_carcinoma,NS,NS,y,COSM4016635,c.1178G>A,p.R393H,Substitution - Missense,null,u,38,10:92621434-92621434,+,n,-,PATHOGENIC,0.97671,Confirmed somatic variant,28098136,null,surgery-fixed,recurrent,41
KIF11,ENST00000260731,3171,6388,TCGA-CC-A3M9-01,2194601,2062879,liver,NS,NS,NS,carcinoma,hepatocellular_carcinoma,NS,NS,y,COSM4928570,c.584T>C,p.I195T,Substitution - Missense,null,u,38,10:92609395-92609395,+,n,-,PATHOGENIC,0.96252,Confirmed somatic variant,null,628,NS,NS,45
KIF11,ENST00000260731,3171,6388,TCGA-GV-A3JW-01,1898136,1786820,urinary_tract,bladder,NS,NS,carcinoma,NS,NS,NS,y,COSM1297505,c.2504C>G,p.S835C,Substitution - Missense,null,u,38,10:92645599-92645599,+,n,-,PATHOGENIC,0.90243,Confirmed somatic variant,null,413,fresh/frozen - NOS,primary,74
KIF11,ENST00000260731,3171,6388,T578,2658233,2518392,large_intestine,NS,NS,NS,carcinoma,adenocarcinoma,NS,NS,y,COSM4695871,c.586A>C,p.I196L,Substitution - Missense,null,u,38,10:92609397-92609397,+,n,-,PATHOGENIC,0.96519,Confirmed somatic variant,27149842,null,NS,NS,61.08
KIF11,ENST00000260731,3171,6388,CHG-2009-20710T,2634350,2494746,liver,NS,NS,NS,other,neoplasm,NS,NS,y,COSM6328013,c.1280G>T,p.G427V,Substitution - Missense,null,u,38,10:92628870-92628870,+,n,-,null,0.51024,Confirmed somatic variant,null,660,NS,primary,44
KIF11,ENST00000260731,3171,6388,Thyroid-CN-WZ035T,2635096,2495492,thyroid,NS,NS,NS,carcinoma,NS,NS,NS,y,COSM6382474,c.710C>A,p.S237*,Substitution - Nonsense,null,u,38,10:92613051-92613051,+,n,-,PATHOGENIC,0.99113,Confirmed somatic variant,null,676,NS,primary,30
KIF11,ENST00000260731,3171,6388,TCGA-IR-A3LA-01,2193391,2061669,cervix,NS,NS,NS,carcinoma,squamous_cell_carcinoma,NS,NS,y,COSM4844551,c.1357G>C,p.D453H,Substitution - Missense,null,u,38,10:92630227-92630227,+,n,-,PATHOGENIC,0.89334,Confirmed somatic variant,null,415,NS,NS,60
KIF11,ENST00000260731,3171,6388,TCGA-BP-5191-01,1779957,1683956,kidney,NS,NS,NS,carcinoma,clear_cell_renal_cell_carcinoma,NS,NS,y,COSM466092,c.1986G>C,p.L662F,Substitution - Missense,null,u,38,10:92637294-92637294,+,n,-,NEUTRAL,0.33845,Confirmed somatic variant,null,416,fresh/frozen - NOS,primary,79
KIF11,ENST00000260731,3171,6388,TCGA-EE-A2MR-06,2121688,1995924,skin,NS,NS,NS,malignant_melanoma,NS,NS,NS,y,COSM3441544,c.2980G>A,p.E994K,Substitution - Missense,null,u,38,10:92650458-92650458,+,n,-,NEUTRAL,0.17399,Confirmed somatic variant,null,540,NS,NS,61
KIF11,ENST00000260731,3171,6388,W11T,2745045,2603748,thyroid,NS,NS,NS,carcinoma,NS,NS,NS,y,COSM6382474,c.710C>A,p.S237*,Substitution - Nonsense,null,u,38,10:92613051-92613051,+,n,-,PATHOGENIC,0.99113,Confirmed somatic variant,null,676,NS,primary,30
KIF11,ENST00000260731,3171,6388,T335135,2658230,2518389,large_intestine,NS,NS,NS,carcinoma,adenocarcinoma,NS,NS,y,COSM6694638,c.308C>T,p.A103V,Substitution - Missense,null,u,38,10:92606716-92606716,+,n,-,PATHOGENIC,0.99592,Confirmed somatic variant,27149842,null,NS,NS,85.66
KIF11,ENST00000260731,3171,6388,BD124T,2459752,2322589,biliary_tract,bile_duct,NS,NS,carcinoma,NS,NS,NS,y,COSM5492679,c.108C>T,p.S36S,Substitution - coding silent,null,u,38,10:92606295-92606295,+,n,-,NEUTRAL,0.02624,Confirmed somatic variant,null,658,NS,primary,60
KIF11,ENST00000260731,3171,6388,W29T,2745053,2603756,thyroid,NS,NS,NS,carcinoma,NS,NS,NS,y,COSM6387194,c.347A>G,p.E116G,Substitution - Missense,null,u,38,10:92607197-92607197,+,n,-,PATHOGENIC,0.99751,Confirmed somatic variant,null,676,NS,primary,50
KIF11,ENST00000260731,3171,6388,CPCG0259-F1,2340223,2205206,prostate,NS,NS,NS,carcinoma,adenocarcinoma,NS,NS,y,COSM4880032,c.1704-8G>A,p.?,Unknown,null,u,38,10:92633616-92633616,+,n,-,NEUTRAL,0.07566,Confirmed somatic variant,null,537,NS,primary,null
KIF11,ENST00000260731,3171,6388,TCGA-CG-5733-01,2197952,2066230,stomach,NS,NS,NS,carcinoma,adenocarcinoma,NS,NS,y,COSM4016635,c.1178G>A,p.R393H,Substitution - Missense,null,u,38,10:92621434-92621434,+,n,-,PATHOGENIC,0.97671,Confirmed somatic variant,null,541,NS,NS,83
KIF11,ENST00000260731,3171,6388,2748728,2748728,2607431,biliary_tract,gallbladder,NS,NS,carcinoma,adenocarcinoma,NS,NS,y,COSM7317538,c.536C>G,p.S179C,Substitution - Missense,null,u,38,10:92609168-92609168,+,n,-,PATHOGENIC,0.79058,Confirmed somatic variant,29360550,null,surgery fresh/frozen,NS,82
KIF11,ENST00000260731,3171,6388,9583_CLM,2500981,2363332,large_intestine,rectum,NS,NS,carcinoma,adenocarcinoma,NS,NS,y,COSM5753559,c.2084G>A,p.C695Y,Substitution - Missense,null,u,38,10:92637469-92637469,+,n,-,NEUTRAL,0.0609,Confirmed somatic variant,26109429,null,fresh/frozen - NOS,metastasis,57
KIF11,ENST00000260731,3171,6388,680-1992-01TD,1921506,1808824,haematopoietic_and_lymphoid_tissue,NS,NS,NS,lymphoid_neoplasm,chronic_lymphocytic_leukaemia-small_lymphocytic_lymphoma,NS,NS,y,COSM7207411,c.193A>G,p.T65A,Substitution - Missense,null,u,38,10:92606380-92606380,+,y,-,PATHOGENIC,0.98664,Confirmed somatic variant,null,340,blood,NS,null
KIF11,ENST00000260731,3171,6388,T2417,2658482,2518641,large_intestine,NS,NS,NS,carcinoma,adenocarcinoma,NS,NS,y,COSM4695874,c.2817A>G,p.V939V,Substitution - coding silent,null,u,38,10:92649881-92649881,+,n,-,NEUTRAL,0.03508,Confirmed somatic variant,27149842,null,NS,NS,58.75
KIF11,ENST00000260731,3171,6388,W28T,2745052,2603755,thyroid,NS,NS,NS,carcinoma,NS,NS,NS,y,COSM6365093,c.1772C>G,p.S591C,Substitution - Missense,null,u,38,10:92633692-92633692,+,n,-,NEUTRAL,0.26033,Confirmed somatic variant,null,676,NS,primary,32
KIF11,ENST00000260731,3171,6388,TCGA-G9-6342-01,2121466,1995702,prostate,NS,NS,NS,carcinoma,adenocarcinoma,NS,NS,y,COSM3670629,c.1137G>T,p.T379T,Substitution - coding silent,null,u,38,10:92621393-92621393,+,n,-,null,0.52275,Confirmed somatic variant,null,435,NS,NS,61
KIF11,ENST00000260731,3171,6388,pfg043T,2309624,2174826,stomach,NS,NS,NS,carcinoma,intestinal_adenocarcinoma,NS,NS,y,COSM4758926,c.2878A>C,p.M960L,Substitution - Missense,het,u,38,10:92649942-92649942,+,n,-,NEUTRAL,0.18173,Confirmed somatic variant,24816253,null,surgery fresh/frozen,NS,76
KIF11,ENST00000260731,3171,6388,IGC-10-1178,2662346,2522470,lung,NS,NS,NS,carcinoma,adenocarcinoma,NS,NS,y,COSM6551151,c.851A>T,p.E284V,Substitution - Missense,null,u,38,10:92613438-92613438,+,n,-,PATHOGENIC,0.99421,Confirmed somatic variant,27923066,null,surgery fresh/frozen,primary,null
KIF11,ENST00000260731,3171,6388,SC_9034,2467377,2330208,prostate,NS,NS,NS,carcinoma,NS,NS,NS,y,COSM5569423,c.607A>G,p.T203A,Substitution - Missense,het,u,38,10:92609418-92609418,+,n,-,PATHOGENIC,0.94425,Confirmed somatic variant,26000489,null,surgery - NOS,metastasis,65
KIF11,ENST00000260731,3171,6388,TCGA-AC-A23H-01,2187848,2056126,breast,NS,NS,NS,carcinoma,NS,NS,NS,y,COSM3807996,c.1891G>A,p.D631N,Substitution - Missense,null,u,38,10:92637199-92637199,+,n,-,PATHOGENIC,0.78967,Confirmed somatic variant,null,414,NS,NS,90
KIF11,ENST00000260731,3171,6388,LOVO,2301996,2167279,large_intestine,NS,NS,NS,carcinoma,adenocarcinoma,NS,NS,y,COSM1969659,c.1598delT,p.F534fs*5,Deletion - Frameshift,het,u,38,10:92632589-92632589,+,n,-,null,null,Variant of unknown origin,24755471,null,cell-line,NS,null
KIF11,ENST00000260731,3171,6388,TCGA-HU-8602-01,2197859,2066137,stomach,NS,NS,NS,carcinoma,adenocarcinoma,NS,NS,y,COSM4016638,c.2922+2T>C,p.?,Unknown,null,u,38,10:92649988-92649988,+,n,-,PATHOGENIC,0.96744,Confirmed somatic variant,null,541,NS,NS,58
KIF11,ENST00000260731,3171,6388,T2417,2296115,2161718,large_intestine,colon,transverse,NS,carcinoma,adenocarcinoma,NS,NS,y,COSM4695874,c.2817A>G,p.V939V,Substitution - coding silent,null,u,38,10:92649881-92649881,+,n,-,NEUTRAL,0.03508,Confirmed somatic variant,25344691,null,NS,NS,58.75
KIF11,ENST00000260731,3171,6388,35M,2466833,2329664,skin,trunk,NS,NS,malignant_melanoma,desmoplastic,NS,NS,y,COSM5581474,c.2341C>G,p.Q781E,Substitution - Missense,null,u,38,10:92645436-92645436,+,n,-,PATHOGENIC,0.71897,Confirmed somatic variant,26343386,null,surgery fresh/frozen,NS,30
KIF11,ENST00000260731,3171,6388,ESCC_161,2479649,2342409,oesophagus,NS,NS,NS,carcinoma,squamous_cell_carcinoma,NS,NS,y,COSM5647534,c.30G>A,p.K10K,Substitution - coding silent,null,u,38,10:92593405-92593405,+,n,-,null,0.65171,Confirmed somatic variant,26873401,null,NS,NS,68
KIF11,ENST00000260731,3171,6388,DLD1,2301972,2167255,large_intestine,NS,NS,NS,carcinoma,adenocarcinoma,NS,NS,y,COSM4621908,c.1614G>A,p.L538L,Substitution - coding silent,het,u,38,10:92632605-92632605,+,n,-,PATHOGENIC,0.83964,Variant of unknown origin,24755471,null,cell-line,NS,null
KIF11,ENST00000260731,3171,6388,LUAD-NYU284,1765253,1669573,lung,NS,NS,NS,carcinoma,adenocarcinoma,NS,NS,y,COSM372619,c.1120C>T,p.L374F,Substitution - Missense,null,u,38,10:92616824-92616824,+,n,-,PATHOGENIC,0.98623,Variant of unknown origin,22980975,null,surgery - NOS,primary,68
KIF11,ENST00000260731,3171,6388,T578,2658233,2518392,large_intestine,NS,NS,NS,carcinoma,adenocarcinoma,NS,NS,y,COSM346280,c.3111A>T,p.E1037D,Substitution - Missense,null,u,38,10:92653736-92653736,+,n,-,NEUTRAL,0.02902,Confirmed somatic variant,27149842,null,NS,NS,61.08
KIF11,ENST00000260731,3171,6388,TCGA-EE-A29E-06,2121636,1995872,skin,NS,NS,NS,malignant_melanoma,NS,NS,NS,y,COSM3441540,c.868C>T,p.Q290*,Substitution - Nonsense,null,u,38,10:92613455-92613455,+,n,-,PATHOGENIC,0.98118,Confirmed somatic variant,null,540,NS,NS,54
KIF11,ENST00000260731,3171,6388,TCGA-BS-A0TC-01,1783462,1687461,endometrium,NS,NS,NS,carcinoma,endometrioid_carcinoma,NS,NS,y,COSM921481,c.2709A>C,p.K903N,Substitution - Missense,het,u,38,10:92648373-92648373,+,n,-,NEUTRAL,0.10576,Variant of unknown origin,null,419,fresh/frozen - NOS,primary,69
KIF11,ENST00000260731,3171,6388,TCGA-33-4566-01,1781104,1685103,lung,NS,NS,NS,carcinoma,squamous_cell_carcinoma,NS,NS,y,COSM686084,c.1129G>C,p.E377Q,Substitution - Missense,null,u,38,10:92621385-92621385,+,n,-,PATHOGENIC,0.99282,Confirmed somatic variant,null,418,fresh/frozen - NOS,primary,40
KIF11,ENST00000260731,3171,6388,TCGA-JX-A3Q0-01,2339235,2204218,cervix,NS,NS,NS,carcinoma,squamous_cell_carcinoma,NS,NS,y,COSM4823899,c.388G>C,p.D130H,Substitution - Missense,null,u,38,10:92609020-92609020,+,n,-,PATHOGENIC,0.99815,Confirmed somatic variant,null,415,NS,primary,63
KIF11,ENST00000260731,3171,6388,CN-AML-CR-5-Dx,2340798,2205781,haematopoietic_and_lymphoid_tissue,NS,NS,NS,haematopoietic_neoplasm,acute_myeloid_leukaemia,NS,NS,y,COSM5428414,c.574-5G>A,p.?,Unknown,null,u,38,10:92609380-92609380,+,n,-,NEUTRAL,0.11734,Confirmed somatic variant,null,544,blood-bone marrow,primary,63
KIF11,ENST00000260731,3171,6388,TCGA-AP-A0LG-01,1783347,1687346,endometrium,NS,NS,NS,carcinoma,endometrioid_carcinoma,NS,NS,y,COSM921478,c.1817T>C,p.M606T,Substitution - Missense,null,u,38,10:92633737-92633737,+,n,-,NEUTRAL,0.42494,Confirmed somatic variant,null,419,fresh/frozen - NOS,primary,54
KIF11,ENST00000260731,3171,6388,Gp5D,2301974,2167257,large_intestine,NS,NS,NS,carcinoma,adenocarcinoma,NS,NS,y,COSM1969665,c.1860A>G,p.V620V,Substitution - coding silent,het,u,38,10:92633780-92633780,+,n,-,NEUTRAL,0.04937,Variant of unknown origin,24755471,null,cell-line,NS,null
KIF11,ENST00000260731,3171,6388,03-130L,2575195,2436532,prostate,NS,NS,NS,carcinoma,adenocarcinoma,NS,NS,y,COSM1969668,c.2012delA,p.K673fs*3,Deletion - Frameshift,null,u,38,10:92637397-92637397,+,n,-,null,null,Confirmed somatic variant,26928463,null,autopsy - NOS,metastasis,65
KIF11,ENST00000260731,3171,6388,CPCG0355-F1,2339925,2204908,prostate,NS,NS,NS,carcinoma,adenocarcinoma,NS,NS,y,COSM4880591,c.2175A>G,p.L725L,Substitution - coding silent,null,u,38,10:92639808-92639808,+,n,-,null,0.68333,Confirmed somatic variant,null,537,NS,primary,null
KIF11,ENST00000260731,3171,6388,RMH004-R10,2272888,2139457,kidney,NS,NS,NS,carcinoma,clear_cell_renal_cell_carcinoma,NS,NS,y,COSM1506441,c.1196A>G,p.Y399C,Substitution - Missense,null,u,38,10:92621452-92621452,+,n,-,PATHOGENIC,0.99016,Confirmed somatic variant,24487277,null,surgery fresh/frozen,primary,61
KIF11,ENST00000260731,3171,6388,TCGA-EI-6917-01,1651629,1566416,large_intestine,rectum,NS,NS,carcinoma,adenocarcinoma,NS,NS,y,COSM3415349,c.2459A>C,p.E820A,Substitution - Missense,null,u,38,10:92645554-92645554,+,n,-,PATHOGENIC,0.75728,Confirmed somatic variant,null,375,NS,primary,33
KIF11,ENST00000260731,3171,6388,TCGA-B5-A11E-01,1783399,1687398,endometrium,NS,NS,NS,carcinoma,endometrioid_carcinoma,NS,NS,y,COSM921479,c.2386G>T,p.E796*,Substitution - Nonsense,het,u,38,10:92645481-92645481,+,n,-,PATHOGENIC,0.86242,Variant of unknown origin,null,419,fresh/frozen - NOS,primary,53
KIF11,ENST00000260731,3171,6388,TCGA-34-5927-01,1781304,1685303,lung,NS,NS,NS,carcinoma,squamous_cell_carcinoma,NS,NS,y,COSM686083,c.2841C>G,p.L947L,Substitution - coding silent,null,u,38,10:92649905-92649905,+,n,-,NEUTRAL,0.28977,Confirmed somatic variant,null,418,fresh/frozen - NOS,primary,70
KIF11,ENST00000260731,3171,6388,TCGA-UY-A78N-01,2385776,2248608,urinary_tract,bladder,NS,NS,carcinoma,NS,NS,NS,y,COSM7152062,c.2253G>T,p.Q751H,Substitution - Missense,null,u,38,10:92639886-92639886,+,n,-,null,0.62809,Confirmed somatic variant,null,413,NS,primary,80
KIF11,ENST00000260731,3171,6388,SC_9032,2467376,2330207,prostate,NS,NS,NS,carcinoma,NS,NS,NS,y,COSM5570220,c.1857T>A,p.T619T,Substitution - coding silent,het,u,38,10:92633777-92633777,+,n,-,NEUTRAL,0.44235,Confirmed somatic variant,26000489,null,surgery - NOS,metastasis,80
KIF11,ENST00000260731,3171,6388,TCGA-C5-A1BQ-01,2193402,2061680,cervix,NS,NS,NS,carcinoma,squamous_cell_carcinoma,NS,NS,y,COSM4842750,c.1996G>A,p.D666N,Substitution - Missense,null,u,38,10:92637304-92637304,+,y,-,PATHOGENIC,0.772,Confirmed somatic variant,null,415,NS,NS,65
KIF11,ENST00000260731,3171,6388,YUMER,2013650,1896282,skin,NS,NS,NS,malignant_melanoma,NS,NS,NS,y,COSM1702764,c.2156_2157CC>TT,p.S719F,Substitution - Missense,het,u,38,10:92637541-92637542,+,null,-,null,null,Confirmed somatic variant,22842228,null,NS,NS,null
KIF11,ENST00000260731,3171,6388,LUAD-S01409,1765246,1669566,lung,NS,NS,NS,carcinoma,adenocarcinoma,NS,NS,y,COSM346280,c.3111A>T,p.E1037D,Substitution - Missense,null,u,38,10:92653736-92653736,+,n,-,NEUTRAL,0.02902,Reported in another cancer sample as somatic,22980975,null,surgery - NOS,primary,69
KIF11,ENST00000260731,3171,6388,11_tFL,2225691,2093429,haematopoietic_and_lymphoid_tissue,lymph_node,NS,NS,lymphoid_neoplasm,diffuse_large_B_cell_lymphoma,NS,NS,y,COSM4170310,c.2958T>A,p.Y986*,Substitution - Nonsense,null,u,38,10:92650436-92650436,+,n,-,NEUTRAL,0.04105,Confirmed somatic variant,24388756,null,surgery - NOS,NS,null
KIF11,ENST00000260731,3171,6388,CSCC-10-T,2292461,2158525,skin,head_neck,NS,NS,carcinoma,squamous_cell_carcinoma,NS,NS,y,COSM4534732,c.2114G>A,p.G705E,Substitution - Missense,het,u,38,10:92637499-92637499,+,n,-,NEUTRAL,0.09601,Confirmed somatic variant,25303977,null,surgery fresh/frozen,primary,76
KIF11,ENST00000260731,3171,6388,DCG_04,2664382,2524436,central_nervous_system,cerebellum,NS,NS,glioma,astrocytoma_Grade_IV,glioblastoma_multiforme,NS,y,COSM6837738,c.2005G>C,p.E669Q,Substitution - Missense,null,u,38,10:92637390-92637390,+,n,-,PATHOGENIC,0.93123,Confirmed somatic variant,28852847,null,surgery fresh/frozen,NS,40
KIF11,ENST00000260731,3171,6388,TCGA-AG-3612-01,1651548,1566335,large_intestine,rectum,NS,NS,carcinoma,adenocarcinoma,NS,NS,y,COSM288170,c.42G>A,p.E14E,Substitution - coding silent,null,u,38,10:92593417-92593417,+,n,-,NEUTRAL,0.35324,Confirmed somatic variant,22810696,375,NS,primary,55
KIF11,ENST00000260731,3171,6388,YUKAT,2439331,2302172,skin,NS,NS,NS,malignant_melanoma,NS,NS,NS,y,COSM5371309,c.1470G>A,p.E490E,Substitution - coding silent,het,u,38,10:92630340-92630340,+,n,-,PATHOGENIC,0.79457,Confirmed somatic variant,26214590,null,fresh/frozen - NOS,metastasis,78
KIF11,ENST00000260731,3171,6388,TCGA-91-6829-01,1780235,1684234,lung,NS,NS,NS,carcinoma,adenocarcinoma,NS,NS,y,COSM6067255,c.1259T>A,p.V420E,Substitution - Missense,null,u,38,10:92628849-92628849,+,n,-,PATHOGENIC,0.82024,Variant of unknown origin,null,417,fresh/frozen - NOS,primary,78
KIF11,ENST00000260731,3171,6388,PD_07,2688655,2547637,skin,scalp,NS,NS,carcinoma,squamous_cell_carcinoma,NS,NS,y,COSM6881220,c.1858G>A,p.V620I,Substitution - Missense,het,u,38,10:92633778-92633778,+,n,-,null,0.54475,Confirmed somatic variant,24662767,null,surgery fresh/frozen,NS,65
KIF11,ENST00000260731,3171,6388,tumor_4121361,2121016,1995252,haematopoietic_and_lymphoid_tissue,NS,NS,NS,lymphoid_neoplasm,NS,NS,NS,y,COSM3356141,c.1198A>G,p.I400V,Substitution - Missense,null,u,38,10:92621454-92621454,+,n,-,PATHOGENIC,0.90771,Confirmed somatic variant,null,440,NS,NS,null
KIF11,ENST00000260731,3171,6388,018,2640422,2500724,lung,NS,NS,NS,carcinoma,acinar_adenocarcinoma,NS,NS,y,COSM6461396,c.2635A>G,p.I879V,Substitution - Missense,null,u,38,10:92648299-92648299,+,n,-,NEUTRAL,0.02175,Confirmed somatic variant,27545006,null,NS,NS,57
KIF11,ENST00000260731,3171,6388,TCGA-AG-3892-01,1651564,1566351,large_intestine,rectum,NS,NS,carcinoma,adenocarcinoma,NS,NS,y,COSM257232,c.2575A>C,p.S859R,Substitution - Missense,null,u,38,10:92648239-92648239,+,n,-,NEUTRAL,0.03243,Confirmed somatic variant,22810696,375,NS,primary,57
KIF11,ENST00000260731,3171,6388,T1240,2296092,2161695,large_intestine,caecum,NS,NS,carcinoma,adenocarcinoma,NS,NS,y,COSM4695873,c.935G>A,p.R312Q,Substitution - Missense,null,u,38,10:92613522-92613522,+,n,-,PATHOGENIC,0.99823,Confirmed somatic variant,25344691,null,NS,NS,69
KIF11,ENST00000260731,3171,6388,TCGA-FD-A3B5-01,1898113,1786797,urinary_tract,bladder,NS,NS,carcinoma,NS,NS,NS,y,COSM1297504,c.514C>G,p.L172V,Substitution - Missense,null,u,38,10:92609146-92609146,+,n,-,PATHOGENIC,0.98688,Confirmed somatic variant,null,413,fresh/frozen - NOS,primary,86
KIF11,ENST00000260731,3171,6388,Thyroid-CN-WZ043T,2635104,2495500,thyroid,NS,NS,NS,carcinoma,NS,NS,NS,y,COSM6387194,c.347A>G,p.E116G,Substitution - Missense,null,u,38,10:92607197-92607197,+,n,-,PATHOGENIC,0.99751,Confirmed somatic variant,null,676,NS,primary,50
KIF11,ENST00000260731,3171,6388,HN_62426,1560537,1481987,upper_aerodigestive_tract,pharynx,oropharynx,NS,carcinoma,squamous_cell_carcinoma,NS,NS,y,COSM123964,c.689C>T,p.A230V,Substitution - Missense,null,u,38,10:92609500-92609500,+,n,-,PATHOGENIC,0.99186,Variant of unknown origin,21798893,null,surgery fresh/frozen,primary,null
KIF11,ENST00000260731,3171,6388,SNUH_G76_S1,2263462,2130446,haematopoietic_and_lymphoid_tissue,NS,NS,NS,haematopoietic_neoplasm,acute_myeloid_leukaemia,NS,NS,y,COSM4418858,c.1703+8A>T,p.?,Unknown,null,u,38,10:92632702-92632702,+,y,-,NEUTRAL,0.07213,Confirmed somatic variant,null,544,blood-bone marrow,primary,null
KIF11,ENST00000260731,3171,6388,RMH004-R3,2272886,2139455,kidney,NS,NS,NS,carcinoma,clear_cell_renal_cell_carcinoma,NS,NS,y,COSM1506441,c.1196A>G,p.Y399C,Substitution - Missense,null,u,38,10:92621452-92621452,+,n,-,PATHOGENIC,0.99016,Confirmed somatic variant,24487277,null,surgery fresh/frozen,primary,61
KIF11,ENST00000260731,3171,6388,AD87,2546795,2408252,adrenal_gland,adrenal_gland,NS,NS,adrenal_cortical_adenoma,cortisol_producing,NS,NS,y,COSM5966930,c.1205A>C,p.E402A,Substitution - Missense,null,u,38,10:92621461-92621461,+,n,-,null,0.66045,Confirmed somatic variant,27389594,null,surgery fresh/frozen,NS,null
KIF11,ENST00000260731,3171,6388,TCGA-78-7166-01,1914068,1802350,lung,right_lower_lobe,NS,NS,carcinoma,adenocarcinoma,NS,NS,y,COSM1506441,c.1196A>G,p.Y399C,Substitution - Missense,null,u,38,10:92621452-92621452,+,n,-,PATHOGENIC,0.99016,Reported in another cancer sample as somatic,null,417,fresh/frozen - NOS,primary,84
KIF11,ENST00000260731,3171,6388,T335135,2658230,2518389,large_intestine,NS,NS,NS,carcinoma,adenocarcinoma,NS,NS,y,COSM6694637,c.2081T>C,p.I694T,Substitution - Missense,null,u,38,10:92637466-92637466,+,n,-,NEUTRAL,0.09259,Confirmed somatic variant,27149842,null,NS,NS,85.66
KIF11,ENST00000260731,3171,6388,TCGA-C5-A1ML-01,2339552,2204535,cervix,NS,NS,NS,carcinoma,squamous_cell_carcinoma,NS,NS,y,COSM4837599,c.3014C>A,p.S1005*,Substitution - Nonsense,null,u,38,10:92650492-92650492,+,n,-,null,0.59011,Confirmed somatic variant,null,415,NS,primary,49
KIF11,ENST00000260731,3171,6388,CHG-7T,2634250,2494646,liver,NS,NS,NS,other,neoplasm,NS,NS,y,COSM6333348,c.2243G>T,p.S748I,Substitution - Missense,null,u,38,10:92639876-92639876,+,n,-,NEUTRAL,0.03191,Confirmed somatic variant,null,660,NS,primary,60
KIF11,ENST00000260731,3171,6388,T636,2658381,2518540,large_intestine,NS,NS,NS,carcinoma,adenocarcinoma,NS,NS,y,COSM4695872,c.652G>A,p.A218T,Substitution - Missense,null,u,38,10:92609463-92609463,+,n,-,PATHOGENIC,0.97303,Confirmed somatic variant,27149842,null,NS,NS,50.25
KIF11,ENST00000260731,3171,6388,C0089T,2197700,2065978,kidney,NS,NS,NS,NS,NS,NS,NS,y,COSM4165572,c.1174G>A,p.A392T,Substitution - Missense,null,u,38,10:92621430-92621430,+,n,-,PATHOGENIC,0.86774,Confirmed somatic variant,null,588,NS,NS,null
KIF11,ENST00000260731,3171,6388,TCGA-A3-3357-01,1779785,1683784,kidney,NS,NS,NS,carcinoma,clear_cell_renal_cell_carcinoma,NS,NS,y,COSM466093,c.2390C>T,p.S797F,Substitution - Missense,null,u,38,10:92645485-92645485,+,n,-,PATHOGENIC,0.86866,Confirmed somatic variant,null,416,fresh/frozen - NOS,primary,62
KIF11,ENST00000260731,3171,6388,TCGA-55-6986-01,1914013,1802295,lung,right_lower_lobe,NS,NS,carcinoma,adenocarcinoma,NS,NS,y,COSM6130843,c.392C>T,p.P131L,Substitution - Missense,null,u,38,10:92609024-92609024,+,n,-,PATHOGENIC,0.98293,Variant of unknown origin,null,417,fresh/frozen - NOS,primary,74
KIF11,ENST00000260731,3171,6388,WD_09,2688643,2547625,skin,hand,NS,NS,carcinoma,squamous_cell_carcinoma,NS,NS,y,COSM6901341,c.813C>T,p.N271N,Substitution - coding silent,het,u,38,10:92613400-92613400,+,n,-,PATHOGENIC,0.92896,Confirmed somatic variant,24662767,null,surgery fresh/frozen,NS,58
KIF11,ENST00000260731,3171,6388,TCGA-BH-A0DZ-01,1899921,1788605,breast,NS,NS,NS,carcinoma,NS,NS,NS,y,COSM428135,c.175G>A,p.D59N,Substitution - Missense,null,u,38,10:92606362-92606362,+,n,-,PATHOGENIC,0.98763,Confirmed somatic variant,null,414,fresh/frozen - NOS,primary,43
KIF11,ENST00000260731,3171,6388,TCGA-S5-A6DX-01,2339521,2204504,urinary_tract,bladder,NS,NS,carcinoma,NS,NS,NS,y,COSM7147472,c.835G>A,p.D279N,Substitution - Missense,null,u,38,10:92613422-92613422,+,n,-,PATHOGENIC,0.99153,Confirmed somatic variant,null,413,NS,primary,83
KIF11,ENST00000260731,3171,6388,BD72T,2459936,2322773,biliary_tract,bile_duct,NS,NS,carcinoma,NS,NS,NS,y,COSM5492679,c.108C>T,p.S36S,Substitution - coding silent,null,u,38,10:92606295-92606295,+,n,-,NEUTRAL,0.02624,Confirmed somatic variant,null,658,NS,primary,79
KIF11,ENST00000260731,3171,6388,TCGA-AA-A00K-01,1651100,1565887,large_intestine,colon,sigmoid,NS,carcinoma,adenocarcinoma,NS,NS,y,COSM298463,c.543A>G,p.R181R,Substitution - coding silent,null,u,38,10:92609175-92609175,+,n,-,PATHOGENIC,0.79114,Confirmed somatic variant,22810696,376,NS,NS,79
KIF11,ENST00000260731,3171,6388,PD24182a,2234058,2101563,breast,NS,NS,NS,carcinoma,ductal_carcinoma,NS,NS,y,COSM5800782,c.2924A>T,p.D975V,Substitution - Missense,null,u,38,10:92650402-92650402,+,n,-,NEUTRAL,0.13612,Confirmed somatic variant,null,652,NS,NS,null
KIF11,ENST00000260731,3171,6388,HCC-JP-385-T,2746928,2605631,liver,NS,NS,NS,other,neoplasm,NS,NS,y,COSM7188309,c.1836A>C,p.S612S,Substitution - coding silent,null,u,38,10:92633756-92633756,+,n,-,NEUTRAL,0.20402,Confirmed somatic variant,null,323,NS,primary,58
KIF11,ENST00000260731,3171,6388,CHG-2009-20710T,2634350,2494746,liver,NS,NS,NS,other,neoplasm,NS,NS,y,COSM6325331,c.593G>A,p.G198D,Substitution - Missense,null,u,38,10:92609404-92609404,+,n,-,PATHOGENIC,0.97965,Confirmed somatic variant,null,660,NS,primary,44
KIF11,ENST00000260731,3171,6388,RK150_C01,2194710,2062988,liver,NS,NS,NS,carcinoma,NS,NS,NS,y,COSM3738783,c.1748C>T,p.T583I,Substitution - Missense,null,u,38,10:92633668-92633668,+,n,-,PATHOGENIC,0.72359,Confirmed somatic variant,null,322,NS,NS,null
KIF11,ENST00000260731,3171,6388,U2940,2479246,2342006,haematopoietic_and_lymphoid_tissue,mediastinum,NS,NS,lymphoid_neoplasm,diffuse_large_B_cell_lymphoma,primary_mediastinal_B_cell_lymphoma,NS,y,COSM5621120,c.1027C>T,p.L343F,Substitution - Missense,null,u,38,10:92613614-92613614,+,n,-,PATHOGENIC,0.96135,Variant of unknown origin,24531327,null,cell-line,NS,null
KIF11,ENST00000260731,3171,6388,SNUH_G15_S1,2120551,1994787,haematopoietic_and_lymphoid_tissue,NS,NS,NS,haematopoietic_neoplasm,acute_myeloid_leukaemia,NS,NS,y,COSM3675927,c.574-6G>T,p.?,Unknown,null,u,38,10:92609379-92609379,+,n,-,null,0.52131,Confirmed somatic variant,null,544,NS,NS,null
KIF11,ENST00000260731,3171,6388,TCGA-CG-4437-01,2198147,2066425,stomach,NS,NS,NS,carcinoma,adenocarcinoma,NS,NS,y,COSM4016637,c.2442G>C,p.E814D,Substitution - Missense,null,u,38,10:92645537-92645537,+,n,-,null,0.69996,Confirmed somatic variant,null,541,NS,NS,83
KIF11,ENST00000260731,3171,6388,T593,2658231,2518390,large_intestine,NS,NS,NS,carcinoma,adenocarcinoma,NS,NS,y,COSM6694644,c.2977C>A,p.Q993K,Substitution - Missense,null,u,38,10:92650455-92650455,+,n,-,null,0.52925,Confirmed somatic variant,27149842,null,NS,NS,67.5
KIF11,ENST00000260731,3171,6388,MOLT-4,1998457,1883529,haematopoietic_and_lymphoid_tissue,NS,NS,NS,lymphoid_neoplasm,acute_lymphoblastic_leukaemia,NS,NS,y,COSM1675433,c.398C>T,p.A133V,Substitution - Missense,het,u,38,10:92609030-92609030,+,n,-,PATHOGENIC,0.99629,Confirmed somatic variant,23856246,null,cell-line,primary,null
KIF11,ENST00000260731,3171,6388,W1T,2745038,2603741,thyroid,NS,NS,NS,carcinoma,NS,NS,NS,y,COSM6411388,c.455C>G,p.T152S,Substitution - Missense,null,u,38,10:92609087-92609087,+,n,-,PATHOGENIC,0.95989,Confirmed somatic variant,null,676,NS,primary,64
KIF11,ENST00000260731,3171,6388,TCGA-BR-6452-01,2197940,2066218,stomach,NS,NS,NS,carcinoma,adenocarcinoma,NS,NS,y,COSM4016634,c.812A>G,p.N271S,Substitution - Missense,null,u,38,10:92613399-92613399,+,n,-,PATHOGENIC,0.99815,Confirmed somatic variant,null,541,NS,NS,78
KIF11,ENST00000260731,3171,6388,T335135,2658230,2518389,large_intestine,NS,NS,NS,carcinoma,adenocarcinoma,NS,NS,y,COSM298463,c.543A>G,p.R181R,Substitution - coding silent,null,u,38,10:92609175-92609175,+,n,-,PATHOGENIC,0.79114,Confirmed somatic variant,27149842,null,NS,NS,85.66
KIF11,ENST00000260731,3171,6388,TCGA-BT-A0YX-01,1779230,1683229,urinary_tract,bladder,NS,NS,carcinoma,NS,NS,NS,y,COSM415412,c.2404G>A,p.D802N,Substitution - Missense,null,u,38,10:92645499-92645499,+,n,-,null,0.59856,Confirmed somatic variant,null,413,fresh/frozen - NOS,primary,70
KIF11,ENST00000260731,3171,6388,TCGA-AA-3510-01,1650974,1565761,large_intestine,colon,transverse,NS,carcinoma,adenocarcinoma,NS,NS,y,COSM1349820,c.5C>T,p.A2V,Substitution - Missense,null,u,38,10:92593380-92593380,+,n,-,PATHOGENIC,0.70955,Confirmed somatic variant,null,376,NS,NS,70
KIF11,ENST00000260731,3171,6388,TCGA-EE-A29E-06,2121636,1995872,skin,NS,NS,NS,malignant_melanoma,NS,NS,NS,y,COSM3441541,c.1012C>T,p.P338S,Substitution - Missense,null,u,38,10:92613599-92613599,+,n,-,PATHOGENIC,0.99648,Confirmed somatic variant,null,540,NS,NS,54
KIF11,ENST00000260731,3171,6388,DLD1,2301972,2167255,large_intestine,NS,NS,NS,carcinoma,adenocarcinoma,NS,NS,y,COSM4621909,c.2526G>T,p.Q842H,Substitution - Missense,het,u,38,10:92645621-92645621,+,n,-,null,0.69788,Variant of unknown origin,24755471,null,cell-line,NS,null
KIF11,ENST00000260731,3171,6388,CHG-13-29153T,2634325,2494721,liver,NS,NS,NS,other,neoplasm,NS,NS,y,COSM6321623,c.844G>T,p.A282S,Substitution - Missense,null,u,38,10:92613431-92613431,+,n,-,PATHOGENIC,0.98402,Confirmed somatic variant,null,660,NS,primary,49
KIF11,ENST00000260731,3171,6388,TCGA-DI-A0WH-01,1783540,1687539,endometrium,NS,NS,NS,carcinoma,endometrioid_carcinoma,NS,NS,y,COSM921477,c.1498C>T,p.L500F,Substitution - Missense,null,u,38,10:92632489-92632489,+,n,-,PATHOGENIC,0.86668,Confirmed somatic variant,null,419,fresh/frozen - NOS,primary,64
KIF11,ENST00000260731,3171,6388,Thyroid-CN-WZ042T,2635103,2495499,thyroid,NS,NS,NS,carcinoma,NS,NS,NS,y,COSM6365093,c.1772C>G,p.S591C,Substitution - Missense,null,u,38,10:92633692-92633692,+,n,-,NEUTRAL,0.26033,Confirmed somatic variant,null,676,NS,primary,32
KIF11,ENST00000260731,3171,6388,TCGA-AG-A002-01,1651648,1566435,large_intestine,rectum,NS,NS,carcinoma,adenocarcinoma,NS,NS,y,COSM261653,c.430T>A,p.F144I,Substitution - Missense,null,u,38,10:92609062-92609062,+,n,-,PATHOGENIC,0.98821,Confirmed somatic variant,22810696,375,NS,primary,35
KIF11,ENST00000260731,3171,6388,BD183T,2459815,2322652,biliary_tract,bile_duct,NS,NS,carcinoma,NS,NS,NS,y,COSM5508110,c.1408G>A,p.E470K,Substitution - Missense,null,u,38,10:92630278-92630278,+,n,-,PATHOGENIC,0.96051,Confirmed somatic variant,null,658,NS,primary,75
KIF11,ENST00000260731,3171,6388,PD4076a,1304487,1215535,breast,NS,NS,NS,carcinoma,ductal_carcinoma,NS,NS,y,COSM5787487,c.1492+9C>G,p.?,Unknown,null,u,38,10:92630371-92630371,+,n,-,NEUTRAL,0.1406,Confirmed somatic variant,null,652,NS,primary,null
KIF11,ENST00000260731,3171,6388,HCT15,2301979,2167262,large_intestine,NS,NS,NS,carcinoma,adenocarcinoma,NS,NS,y,COSM1969643,c.402T>C,p.G134G,Substitution - coding silent,het,u,38,10:92609034-92609034,+,n,-,PATHOGENIC,0.84153,Variant of unknown origin,24755471,null,cell-line,NS,null
KIF11,ENST00000260731,3171,6388,T636,2296258,2161861,large_intestine,caecum,NS,NS,carcinoma,adenocarcinoma,NS,NS,y,COSM4695872,c.652G>A,p.A218T,Substitution - Missense,null,u,38,10:92609463-92609463,+,n,-,PATHOGENIC,0.97303,Confirmed somatic variant,25344691,null,NS,NS,50.25
KIF11,ENST00000260731,3171,6388,T3646,2658258,2518417,large_intestine,NS,NS,NS,carcinoma,adenocarcinoma,NS,NS,y,COSM6694640,c.996A>G,p.I332M,Substitution - Missense,null,u,38,10:92613583-92613583,+,n,-,PATHOGENIC,0.87216,Confirmed somatic variant,27149842,null,NS,NS,65.83
KIF11,ENST00000260731,3171,6388,8035735,2121116,1995352,pancreas,NS,NS,NS,carcinoma,ductal_carcinoma,NS,NS,y,COSM198620,c.1159C>T,p.R387*,Substitution - Nonsense,null,u,38,10:92621415-92621415,+,n,-,PATHOGENIC,0.81929,Confirmed somatic variant,null,328,NS,NS,null
KIF11,ENST00000260731,3171,6388,PT25,2521282,2383625,skin,NS,NS,NS,carcinoma,basal_cell_carcinoma,NS,NS,y,COSM5904928,c.211-6C>T,p.?,Unknown,null,u,38,10:92606613-92606613,+,y,-,NEUTRAL,0.00514,Confirmed somatic variant,25759019,null,surgery fresh/frozen,NS,null
KIF11,ENST00000260731,3171,6388,C32,2301959,2167242,large_intestine,NS,NS,NS,carcinoma,adenocarcinoma,NS,NS,y,COSM4618941,c.636A>T,p.Q212H,Substitution - Missense,het,u,38,10:92609447-92609447,+,n,-,PATHOGENIC,0.75122,Variant of unknown origin,24755471,null,cell-line,NS,null
KIF11,ENST00000260731,3171,6388,TCGA-5N-A9KI-01,2457393,2320230,urinary_tract,bladder,NS,NS,carcinoma,NS,NS,NS,y,COSM7082755,c.218G>A,p.G73E,Substitution - Missense,null,u,38,10:92606626-92606626,+,n,-,PATHOGENIC,0.98488,Confirmed somatic variant,null,413,NS,primary,76
KIF11,ENST00000260731,3171,6388,S00936,1759210,1663958,lung,NS,NS,NS,carcinoma,small_cell_carcinoma,NS,NS,n,COSM312326,c.109G>A,p.A37T,Substitution - Missense,null,u,38,10:92606296-92606296,+,n,-,PATHOGENIC,0.9347,Reported in another cancer sample as somatic,22941188,null,fresh/frozen - NOS,NS,50
KIF11,ENST00000260731,3171,6388,TCGA-BR-4257-01,2197943,2066221,stomach,NS,NS,NS,carcinoma,adenocarcinoma,NS,NS,y,COSM4016636,c.1617T>C,p.N539N,Substitution - coding silent,null,u,38,10:92632608-92632608,+,n,-,null,0.57405,Confirmed somatic variant,null,541,NS,NS,79
KIF11,ENST00000260731,3171,6388,PCSI_0083_Pa_P,2121291,1995527,pancreas,NS,NS,NS,carcinoma,ductal_carcinoma,NS,NS,y,COSM3375554,c.892G>A,p.V298I,Substitution - Missense,null,u,38,10:92613479-92613479,+,n,-,PATHOGENIC,0.99533,Confirmed somatic variant,null,382,NS,NS,null
KIF11,ENST00000260731,3171,6388,PD24215a,2234124,2101629,breast,NS,NS,NS,carcinoma,ductal_carcinoma,NS,NS,y,COSM5796690,c.2056C>G,p.L686V,Substitution - Missense,null,u,38,10:92637441-92637441,+,n,-,null,0.55533,Confirmed somatic variant,null,652,NS,NS,null
KIF11,ENST00000260731,3171,6388,TCGA-BS-A0UF-01,1783473,1687472,endometrium,NS,NS,NS,carcinoma,endometrioid_carcinoma,NS,NS,y,COSM921474,c.617A>G,p.N206S,Substitution - Missense,het,u,38,10:92609428-92609428,+,n,-,PATHOGENIC,0.98482,Variant of unknown origin,null,419,fresh/frozen - NOS,primary,65
KIF11,ENST00000260731,3171,6388,2014_Lung_sq_41_T,2744912,2603615,lung,NS,NS,NS,carcinoma,NS,NS,NS,y,COSM7244214,c.2771-6T>A,p.?,Unknown,null,u,38,10:92649829-92649829,+,y,-,NEUTRAL,0.05341,Confirmed somatic variant,null,583,NS,primary,63
KIF11,ENST00000260731,3171,6388,T3692,2658716,2518875,large_intestine,NS,NS,NS,carcinoma,adenocarcinoma,NS,NS,y,COSM6694641,c.2605C>T,p.R869C,Substitution - Missense,null,u,38,10:92648269-92648269,+,y,-,NEUTRAL,0.08427,Confirmed somatic variant,27149842,null,NS,NS,63.33
KIF11,ENST00000260731,3171,6388,Thyroid-CN-WZ041T,2635102,2495498,thyroid,NS,NS,NS,carcinoma,NS,NS,NS,y,COSM6404113,c.1090G>T,p.E364*,Substitution - Nonsense,null,u,38,10:92616794-92616794,+,n,-,PATHOGENIC,0.98973,Confirmed somatic variant,null,676,NS,primary,55
KIF11,ENST00000260731,3171,6388,00-010N,2575067,2436404,prostate,NS,NS,NS,carcinoma,adenocarcinoma,NS,NS,y,COSM5999331,c.3151C>T,p.R1051*,Substitution - Nonsense,null,u,38,10:92653776-92653776,+,n,-,PATHOGENIC,0.85477,Confirmed somatic variant,26928463,null,autopsy - NOS,primary,84
KIF11,ENST00000260731,3171,6388,HCT15,2301979,2167262,large_intestine,NS,NS,NS,carcinoma,adenocarcinoma,NS,NS,y,COSM1969674,c.2577T>C,p.S859S,Substitution - coding silent,het,u,38,10:92648241-92648241,+,n,-,null,0.53576,Variant of unknown origin,24755471,null,cell-line,NS,null
KIF11,ENST00000260731,3171,6388,RK308_C01,2194686,2062964,liver,NS,NS,NS,carcinoma,NS,NS,NS,y,COSM3738782,c.1171G>A,p.A391T,Substitution - Missense,null,u,38,10:92621427-92621427,+,n,-,PATHOGENIC,0.98174,Confirmed somatic variant,null,322,NS,NS,null
KIF11,ENST00000260731,3171,6388,24T,1551822,1473928,skin,upper_arm,NS,NS,malignant_melanoma,NS,NS,NS,y,COSM107413,c.1912A>T,p.M638L,Substitution - Missense,het,u,38,10:92637220-92637220,+,n,-,PATHOGENIC,0.90204,Confirmed somatic variant,21499247,null,surgery fresh/frozen,metastasis,49
KIF11,ENST00000260731,3171,6388,T115875,2658338,2518497,large_intestine,NS,NS,NS,carcinoma,adenocarcinoma,NS,NS,y,COSM6694635,c.454A>C,p.T152P,Substitution - Missense,null,u,38,10:92609086-92609086,+,n,-,PATHOGENIC,0.97567,Confirmed somatic variant,27149842,null,NS,NS,73.5
KIF11,ENST00000260731,3171,6388,ESCC_BICR_040T,2456895,2319732,oesophagus,NS,NS,NS,carcinoma,squamous_cell_carcinoma,NS,NS,y,COSM1969638,c.8C>T,p.S3L,Substitution - Missense,null,u,38,10:92593383-92593383,+,n,-,NEUTRAL,0.37326,Confirmed somatic variant,null,582,NS,primary,60
KIF11,ENST00000260731,3171,6388,IGC-12-1115,2662363,2522487,lung,NS,NS,NS,carcinoma,adenocarcinoma,NS,NS,y,COSM6537078,c.1960C>G,p.L654V,Substitution - Missense,null,u,38,10:92637268-92637268,+,n,-,null,0.65347,Confirmed somatic variant,27923066,null,surgery fresh/frozen,primary,null
KIF11,ENST00000260731,3171,6388,ESCC_46,2479554,2342314,oesophagus,NS,NS,NS,carcinoma,squamous_cell_carcinoma,NS,NS,y,COSM5630467,c.2732G>T,p.C911F,Substitution - Missense,null,u,38,10:92648396-92648396,+,n,-,PATHOGENIC,0.79526,Confirmed somatic variant,26873401,null,NS,NS,75
KIF11,ENST00000260731,3171,6388,Gp2D,2301973,2167256,large_intestine,NS,NS,NS,carcinoma,adenocarcinoma,NS,NS,y,COSM1969665,c.1860A>G,p.V620V,Substitution - coding silent,het,u,38,10:92633780-92633780,+,n,-,NEUTRAL,0.04937,Variant of unknown origin,24755471,null,cell-line,NS,null
KIF11,ENST00000260731,3171,6388,TCGA-ER-A19P-06,2121726,1995962,skin,NS,NS,NS,malignant_melanoma,NS,NS,NS,y,COSM3441539,c.433G>T,p.E145*,Substitution - Nonsense,null,u,38,10:92609065-92609065,+,n,-,PATHOGENIC,0.98328,Confirmed somatic variant,null,540,NS,NS,47
KIF11,ENST00000260731,3171,6388,I2L-P7-Tumor-Organoid,2433490,2296371,large_intestine,colon,ascending,NS,carcinoma,adenocarcinoma,NS,NS,y,COSM5360245,c.1729G>A,p.A577T,Substitution - Missense,het,u,38,10:92633649-92633649,+,n,-,PATHOGENIC,0.88408,Confirmed somatic variant,25957691,null,NS,NS,81
KIF11,ENST00000260731,3171,6388,2748728,2748728,2607431,biliary_tract,gallbladder,NS,NS,carcinoma,adenocarcinoma,NS,NS,y,COSM7317539,c.2647C>G,p.Q883E,Substitution - Missense,null,u,38,10:92648311-92648311,+,n,-,null,0.60716,Confirmed somatic variant,29360550,null,surgery fresh/frozen,NS,82
KIF11,ENST00000260731,3171,6388,sysucc-311T,2456736,2319573,large_intestine,NS,NS,NS,carcinoma,adenocarcinoma,NS,NS,y,COSM5477333,c.1161A>G,p.R387R,Substitution - coding silent,null,u,38,10:92621417-92621417,+,n,-,PATHOGENIC,0.78307,Confirmed somatic variant,null,646,NS,primary,54
KIF11,ENST00000260731,3171,6388,T578,2296255,2161858,large_intestine,caecum,NS,NS,carcinoma,adenocarcinoma,NS,NS,y,COSM4695870,c.238G>T,p.D80Y,Substitution - Missense,null,u,38,10:92606646-92606646,+,n,-,PATHOGENIC,0.9979,Confirmed somatic variant,25344691,null,NS,NS,61.08
KIF11,ENST00000260731,3171,6388,TCGA-AN-A046-01,2187824,2056102,breast,NS,NS,NS,carcinoma,NS,NS,NS,y,COSM3807994,c.248G>A,p.R83Q,Substitution - Missense,null,u,38,10:92606656-92606656,+,n,-,PATHOGENIC,0.96148,Confirmed somatic variant,null,414,NS,NS,68
